DATASET,GENDER,AGE_RANGE,HEIGHT_CM,WEIGHT_KG,LAB_SHOES,PREFERRED_WRITING_HAND,PAAWS_SIMFL_LAB,LAB_ADDITIONAL_PHONE_USAGE,FREELIVING_SENSOR_DAYS,FREELIVING_LABELED_DAYS,FREELIVING_ADDITIONAL_PHONE_USAGE,PAAWS_SLEEP,LAB_LEFT_ANKLE_ANTERIOR,LAB_LEFT_ANKLE_LATERAL,LAB_LEFT_ANKLE_MEDIAL,LAB_LEFT_ANKLE_POSTERIOR,LAB_LEFT_THIGH,LAB_LEFT_WAIST_ANTERIOR,LAB_LEFT_WAIST_MID,LAB_LEFT_WAIST_POSTERIOR,LAB_LEFT_WRIST_BOTTOM,LAB_LEFT_WRIST_TOP,LAB_PHONE,LAB_RIGHT_ANKLE_ANTERIOR,LAB_RIGHT_ANKLE_LATERAL,LAB_RIGHT_ANKLE_MEDIAL,LAB_RIGHT_ANKLE_POSTERIOR,LAB_RIGHT_THIGH,LAB_RIGHT_WAIST_ANTERIOR,LAB_RIGHT_WAIST_MID,LAB_RIGHT_WAIST_POSTERIOR,LAB_RIGHT_WRIST_BOTTOM,LAB_RIGHT_WRIST_TOP,LAB_MET_CART_DATA,LAB_HEART_RATE_DATA,FREE_LEFT_WRIST,FREE_PHONE,FREE_RIGHT_ANKLE,FREE_RIGHT_THIGH,FREE_RIGHT_WAIST,FREE_RIGHT_WRIST
DS_10,M,48-53,183,77,Athletic,Right,Y,Y,8,8,Y,2,Y,Y,Y,Y,Y,Y,Y,Y,Y,Y,N,Y,Y,Y,Y,Y,Y,Y,Y,N,Y,N,Y,Y,N,Y,Y,Y,Y
DS_11,M,18-23,170,78,Casual,Left,Y,N,9,8,N,2,Y,Y,Y,Y,Y,Y,Y,Y,Y,Y,N,Y,Y,N,Y,Y,Y,Y,Y,Y,Y,Y,N,Y,Y,Y,Y,Y,Y/Partial
DS_12,M,18-23,183,83.46,Casual,Right,Y,N,8,7,N,2,Y,Y,Y,Y,Y,Y,Y,Y,Y,Y,Y,Y,Y,Y,Y,Y,Y,Y,Y,Y,Y,Y,Y,N,Y,Y,Y,Y,Y
DS_13,M,18-23,180,60,Casual,Right,Y,N,8,8,N,2,Y,Y,Y,Y,Y,Y,Y,Y,Y,Y,Y,Y,Y,Y,Y,Y,Y,Y,Y,Y,Y,Y,Y,Y,Y,Y,Y,Y,Y
DS_14,M,18-23,172,66,Casual,Right,Y,N,8,8,N,2,Y,Y,Y,Y,Y,Y,Y,Y,Y,Y,Y,Y,Y,Y,Y,Y,Y,Y,N,Y,Y,Y,Y,Y,Y,Y,Y,Y,Y
DS_15,M,18-23,168,67,Casual,Right,Y,N,8,8,N,2,Y,Y,Y,N,Y,Y,Y,Y,N,Y,Y,Y,Y,Y,Y,Y,Y,Y,Y,Y,Y,Y,Y,,,,,,
DS_16,M,18-23,180,58.97,Athletic,Right,Y,N,8,8,N,2,Y,Y,Y,Y,Y,Y,Y,Y,Y,Y,Y,Y,Y/Accelerometer Only,Y,Y,Y,Y,Y,Y,Y,Y,Y/Partial,Y,,,,,,
DS_17,F,18-23,152,41,Athletic,Right,Y,N,9,9,N,2,N,Y,Y,Y,Y,Y,Y,Y,Y,Y,Y,Y,Y,Y,Y,Y,Y,Y,Y,Y,Y,Y,Y,,,,,,
DS_18,F,30-35,171,81,Athletic,Right,Y,N,8,6,N,2,Y,Y,Y,Y,Y,Y,Y,Y,Y,Y,Y,Y,Y,Y,Y,Y,N,Y,Y,Y,Y,Y,Y,,,,,,
DS_19,M,18-23,183,99.79,Athletic,Right,Y,N,8,8,N,2,Y,Y,Y,Y,Y,Y,Y,Y,Y,Y,Y,Y,Y,Y,Y,Y,Y,Y,Y,Y,Y,N,Y,,,,,,
DS_20,M,24-29,163,65,Athletic,Right,Y,N,4,4,N,2,Y,Y,Y,Y,Y,Y,Y,Y,Y,Y,Y,Y,Y,Y,Y,Y,Y,Y,Y,Y,Y,N,Y,,,,,,
DS_21,M,18-23,182,62,Athletic,Right,Y,N,6,6,N,2,Y,Y,Y,Y,Y,N,Y,Y,Y,Y,N,Y/Issue,Y,Y,Y,Y,Y,Y,Y,Y,Y,Y,Y,,,,,,
DS_22,F,18-23,172,72,Athletic,Right,Y,N,7,7,N,0,Y,Y,Y,Y,Y,Y,Y/Accelerometer Only,Y,Y,Y/Accelerometer Only,Y,Y,Y,Y,Y,Y,Y,Y,Y,Y,Y,Y,Y,,,,,,
DS_23,M,18-23,169,53,Casual,Right,Y,N,8,8,N,2,Y,Y,Y,Y,Y,Y,Y,Y,Y,Y,Y,Y,Y,Y,Y,Y,Y,Y,Y,Y,Y,Y,Y,,,,,,
DS_24,M,24-29,180,73,Casual,Right,Y,N,7,7,N,2,Y,Y,Y,Y,Y,Y,Y,Y,Y,Y,Y,Y,Y,Y,Y,Y,Y,Y,Y,Y,Y,Y,Y,,,,,,
DS_25,M,18-23,188,95,Athletic,Right,Y,N,,,,,Y,Y,Y,Y,Y,Y,Y,Y,Y,Y,Y,Y,Y,Y,Y,Y,Y,Y,Y,Y,Y,Y,Y,,,,,,
DS_26,F,18-23,156,47,Athletic,Right,Y,N,,,,,Y,Y,Y,N,Y,Y,Y,Y,Y,Y,Y,Y,Y,Y/Accelerometer Only,Y/Partial,Y,Y,Y,Y,Y,Y,Y,Y,,,,,,
DS_27,F,18-23,160,56,Athletic,Right,Y,N,,,,,Y,Y,Y,Y,Y,Y,Y,Y,Y,Y,Y/Accelerometer Only,Y,Y,Y,Y,Y,Y,Y,Y,Y,Y,Y,Y,,,,,,
DS_28,F,18-23,165,59,Athletic,Left,Y,N,,,,,Y,Y,Y,Y,Y,Y,Y,Y,Y,Y,Y,Y,Y,Y,Y,Y,Y,Y,Y,Y,Y,Y,Y,,,,,,
DS_29,M,18-23,179,81,Athletic,Right,Y,N,,,,,Y,Y,Y,Y,Y,Y,Y,Y,Y/Accelerometer Only,Y,Y,Y,Y,Y,Y,Y,Y,Y,Y,Y,Y,Y,Y,,,,,,
DS_30,M,18-23,183,84,N/A,Unknown,N,N,,,,,N,N,N,N,N,N,N,N,N,N,N,N,N,N,N,N,N,N,N,N,N,N,N,Y,Y,Y,Y,Y,Y
DS_31,M,30-35,183,84,Athletic,Right,Y,N,,,,,Y,Y,Y,Y,Y,Y,Y,Y,Y,Y,Y,Y,Y,Y,Y,Y,Y,Y,Y,Y,Y,Y,Y,,,,,,
DS_32,M,18-23,172,64,Athletic,Right,Y,N,,,,,Y,Y,Y,Y,Y,Y,Y,Y,Y,Y,Y,Y,Y,Y,Y,Y,Y,Y,Y,Y,Y,Y,Y,,,,,,
DS_33,F,18-23,173,66,Athletic,Right,Y,N,,,,,Y,Y,Y,Y,Y,Y,Y,Y,Y,Y,Y,Y,Y,Y,Y,Y,Y,Y,Y,Y,Y,Y,Y,,,,,,
DS_34,F,30-35,165,66,Athletic,Right,Y,N,,,,,Y,Y,Y,Y,Y,Y,Y,Y,Y,Y,Y,Y,Y,Y,Y,Y,Y,Y,Y,Y,Y,Y,Y,,,,,,
DS_35,M,18-23,175,93,Athletic,Right,Y,N,,,,,Y,Y,Y,Y,Y,Y,Y,Y,Y,Y,Y,Y,Y,Y,Y,Y,Y,Y,Y,Y,Y,Y,Y,,,,,,
DS_36,M,18-23,193,75,Athletic,Left,Y,N,8,8,N,2,Y,Y,Y,Y,Y,Y,Y,Y,Y,Y,Y,Y,Y,Y,Y,Y,Y,Y,Y,Y,Y,Y,Y,Y,Y,Y,Y,Y,Y
DS_37,M,18-23,181,70,Athletic,Right,Y,N,,8,N,2,Y,Y,Y,Y,Y,Y,Y,Y,Y,Y,Y,Y,Y,Y,Y,Y,Y,Y,Y,Y,Y,Y,Y,Y,Y,Y,Y,Y,Y
DS_38,M,18-23,180,77,Casual,Right,Y,N,,8,N,2,Y,Y,Y,Y,Y,Y,Y,Y,Y,Y,Y,Y,Y,Y,Y,Y,Y,Y,Y,Y,Y,Y,Y,Y,Y,Y,Y,Y,Y
DS_39,M,18-23,171,61.23,Athletic,Right,Y,N,,8,N,2,Y,Y,Y,Y,Y,Y,Y,Y,Y,Y,Y,Y,Y,Y,Y,Y,Y,Y,Y,Y,Y,Y,Y,Y/Partial,Y,Y,Y,Y,Y
DS_40,F,18-23,157,63,Athletic,Right,Y,N,8,8,N,2,Y,Y,Y,Y,Y/Accelerometer Only,Y,Y,Y,Y,Y,Y,Y,Y,Y,Y,Y,Y,Y,Y,Y,Y,Y,Y,Y,Y,Y,Y,Y,Y
DS_41,M,18-23,175,75,Athletic,Left,Y,N,0,0,N,0,Y,Y,Y,Y,N,Y,Y,Y,Y,Y,Y,Y,Y,Y,Y,Y,Y,Y,Y,Y,Y,Y,Y,N,N,N,N,N,N
DS_42,M,18-23,185,89,Casual,Right,Y,N,,8,N,2,Y,Y,Y,Y,Y,Y,Y,Y,Y,Y,Y,Y,Y,Y,Y,Y,Y,Y,Y,Y,Y,Y,Y,Y,Y,Y,Y,Y,Y
DS_43,M,18-23,178,75,Athletic,Left,Y,N,,,,,Y,Y,Y,Y,Y,Y,Y,Y,Y,Y,Y,Y,Y,Y,Y,Y,Y,Y,Y,Y,N,Y,N,,,,,,
DS_44,F,18-23,167,77,Athletic,Right,Y,N,,8,N,0,Y,Y,Y,Y,Y,Y,Y,Y,Y,Y,Y,Y,Y,Y,Y,Y,Y,Y,Y,Y,N,Y,N,Y,Y,Y,Y,Y,Y
DS_45,F,18-23,155,45.4,Athletic,Right,Y,N,,,,,Y,Y,N,N,Y,Y,Y,Y,Y,Y,N,Y,Y,N,Y,Y,Y,Y,Y,Y,Y,Y,Y,,,,,,
DS_46,M,18-23,178,97.4,Casual,Right,Y,N,,,,,Y,Y,Y,Y,Y,Y,Y,Y,Y,Y,Y,Y,Y,Y,Y,Y,Y,Y,Y,Y,Y,Y,Y,,,,,,
DS_47,M,18-23,178,81.5,Athletic,Left,Y,N,,,,,Y,Y,Y,Y,Y,Y,Y,Y,Y,Y,Y,Y,Y,Y,Y,Y,Y,Y,Y,Y,Y,Y,Y,,,,,,
DS_48,M,18-23,178,60,Athletic,Right,Y,N,,8,N,2,Y,Y,Y,Y,Y,Y,Y,Y,Y,Y,Y,N,Y,N,Y,Y,Y,Y,Y,Y,Y,Y,Y,Y,Y,Y,Y,Y,Y
DS_49,M,24-29,185,97.5,Athletic,Right,Y,N,,8,N,2,Y,Y,Y,Y,Y,Y,Y,Y,Y,Y,Y,Y,Y,Y,Y,Y,Y,Y,Y,Y,Y,Y,Y,Y,Y,Y,Y,Y,Y
DS_50,M,18-23,190,97.5,Athletic,Left,Y,N,,,,,Y,Y,Y,Y,N,Y,Y,Y,Y,Y,Y,Y,Y,Y,Y,Y,Y,Y,Y,Y,Y,Y,Y,,,,,,
DS_51,F,18-23,175,68,Athletic,Right,Y,N,,8,N,0,Y,Y,Y,Y,Y,Y,Y,Y,Y,Y,Y,Y,Y,Y,Y,Y,Y,Y,Y,Y,Y,Y,Y,Y,Y,Y,Y,Y,Y
DS_52,F,24-29,165,61.5,Athletic,Left,Y,N,,,,,Y,N,Y,Y,Y,Y,Y,Y,Y,Y,Y,Y,Y,Y,Y,Y,Y,Y,Y,Y,Y,Y,Y,,,,,,
DS_53,F,30-35,173,67,Athletic,Right,Y,N,0,0,N,0,Y,Y,Y,Y,Y,Y,Y,Y,Y,Y,Y,Y,Y,Y,Y,Y,Y,Y,Y,Y,Y,Y,Y,N,N,N,N,N,N
DS_54,M,30-35,180,73,Athletic,Right,Y,N,8,8,N,0,Y,Y,Y,Y,Y,Y,Y,Y,Y,Y,Y,Y,Y,Y,Y,Y,Y,Y,Y,Y,Y,Y,Y,Y/Partial,Y,Y/Partial,Y,Y,Y/Partial
DS_55,M,24-29,180,67.4,Athletic,Right,Y,N,8,8,N,0,Y,N,Y,Y,Y,Y,Y,Y,Y,Y,Y,Y,Y,Y,Y,Y,Y,Y,Y,Y,N,Y,Y,Y,Y,Y,Y,Y,Y
DS_56,M,18-23,178,81,Athletic,Right,Y,N,,,,,Y,Y,Y,N,Y,Y,Y,Y,Y,Y,Y,Y,Y,Y,Y,Y,Y,Y,Y,Y,Y,Y,Y,,,,,,
DS_57,M,30-35,173,77,Athletic,Right,Y,N,8,8,N,2,Y,Y,Y,Y,Y,Y,Y,Y,Y,Y,Y,Y,Y,Y,Y,Y,Y,Y,Y,Y,Y,Y,Y,Y,Y,Y,Y,Y,N
DS_58,M,24-29,172,78,Casual,Right,Y,N,,8,N,0,Y,Y,Y,Y,Y,Y,Y,Y,Y,Y,Y,Y,Y,Y,Y,Y,Y,Y,Y,Y,Y,Y,Y,Y,Y,Y,Y,Y,Y
DS_59,F,18-23,150,54,Athletic,Right,Y,N,,8,N,0,Y,Y,Y,Y,Y,Y,Y,Y,Y,Y,Y,Y,Y,Y,Y,Y,Y,Y,Y,Y,Y,Y,N,Y,Y,Y,Y,Y,Y
DS_60,F,42-47,160,59,Athletic,Right,Y,N,,,,,Y,Y,Y,Y,Y,Y,Y,Y,Y,Y,Y,Y,Y,Y,Y,Y,Y,Y,Y,Y,Y,Y,Y,,,,,,
DS_61,F,24-29,157,63.5,Athletic,Right,Y,N,0,0,N,0,Y,Y,Y,Y,Y,Y,Y,Y,Y,Y,Y,Y,Y,Y,Y,Y,Y,Y,Y,Y,Y,Y,Y,N,N,N,N,N,N
DS_62,M,24-29,170,70,Athletic,Right,Y,N,8,8,N,0,Y,Y,Y,Y,Y,Y,Y,Y,Y,Y,Y,Y,N,Y,Y,Y,Y,Y,Y,Y,Y,Y,Y,Y,Y,Y,Y,Y,Y
DS_63,M,30-35,173,70.3,Athletic,Right,Y,N,8,8,N,0,Y,Y,Y,Y,Y,Y,Y,Y,Y,Y,Y,Y,Y,Y,Y,Y,Y,Y,Y,Y,Y,Y,Y,Y,Y,Y,Y,Y,Y
DS_64,M,24-29,165,82,Sandals,Right,Y,N,8,8,N,2,Y,Y,Y,Y,Y,Y,Y,Y,Y,Y,Y,Y,Y,Y,Y,Y,Y,Y,Y,Y,Y,Y,Y,Y,Y,Y,Y,Y,Y
DS_65,M,30-35,182,86,Athletic,Right,Y,N,0,0,N,0,Y/Accelerometer Only,Y/Accelerometer Only,Y/Accelerometer Only,Y/Accelerometer Only,Y/Accelerometer Only,Y/Accelerometer Only,Y/Accelerometer Only,Y/Accelerometer Only,Y/Accelerometer Only,Y/Accelerometer Only,Y/Accelerometer Only,Y/Accelerometer Only,Y/Accelerometer Only,Y/Accelerometer Only,Y/Accelerometer Only,Y/Accelerometer Only,Y/Accelerometer Only,Y/Accelerometer Only,Y/Accelerometer Only,Y/Accelerometer Only,Y,Y,Y,N,N,N,N,N,N
DS_66,M,30-35,154,57,Athletic,Right,Y,N,,,,,Y,Y,Y,Y,Y,N,Y,Y,Y,Y,Y,N,Y,Y,Y,Y,Y,Y,Y,Y,Y,Y,Y,,,,,,
DS_67,F,24-29,149,65,Athletic,Right,Y,N,,,,,Y,Y,Y,Y,Y,Y,Y,Y,Y,Y,Y,Y,Y,Y,Y,Y,Y,Y,Y,Y,Y,Y,Y,,,,,,
DS_68,F,24-29,165,59,Athletic,Right,Y,N,,,,,Y,Y,Y,Y,Y,N,Y,Y,Y,Y,Y,Y,Y,Y,Y,Y,Y,Y,Y,Y,Y,Y,Y,,,,,,
DS_69,F,24-29,178,83,Athletic,Right,Y,N,,,,,Y,Y,Y,Y,Y,Y,Y,Y,Y,Y,Y,Y,Y,Y,Y,Y,Y,Y,Y,Y,Y,Y,Y,,,,,,
DS_70,M,24-29,166,66,Athletic,Right,Y,N,,,,,Y,Y,Y,Y,Y,Y,Y,Y,Y,Y,Y,Y,Y,Y,Y,Y,Y,Y,Y,Y,Y,Y,Y,,,,,,
DS_71,M,24-29,170,74,Athletic,Right,Y,N,,,,,Y/Partial,Y/Partial,Y/Partial,Y/Partial,Y/Orientation_Issue/Partial,Y/Partial,Y/Partial,Y/Partial,Y/Partial,Y/Partial,Y/Partial,Y/Partial,Y/Partial,Y/Partial,Y/Partial,Y/Partial,Y/Partial,Y/Partial,Y/Partial,Y/Partial,Y/Partial,Y,Y,,,,,,
DS_72,M,30-35,178,80,Athletic,Right,Y,N,0,0,N,0,Y,Y,Y,Y,Y,Y,Y,N,Y,Y,Y,Y,Y,Y,Y,Y,Y,Y,Y,Y,Y,Y,Y,N,N,N,N,N,N
DS_73,M,24-29,180,61,Athletic,Right,Y,N,0,0,N,0,Y,Y,Y,Y,Y,Y,Y,Y,Y,Y,Y,Y,Y,Y,Y,Y,Y,Y,Y,Y,Y,Y,Y,N,N,N,N,N,N
DS_74,M,24-29,170,81.6,Athletic,Right,Y,N,,,,,Y,Y,Y,Y,Y,Y,Y,Y,Y,Y,Y,Y,Y,Y,Y,Y,Y,Y,Y,Y,Y,Y,Y,,,,,,
DS_75,M,30-35,188,90,,,N,N,,1,N,N,N,N,N,N,N,N,N,N,N,N,N,N,N,N,N,N,N,N,N,N,N,N,N,Y,Y,Y,Y,Y,Y
DS_76,M,24-29,188,86,N/A,Unknown,N,N,3,0,N,Y/Partial,N,N,N,N,N,N,N,N,N,N,N,N,N,N,N,N,N,N,N,N,N,N,N,Y,Y,Y,Y,Y,Y
DS_77,F,24-29,168,60,Athletic,Right,Y,N,,,,,N,Y,Y,Y,Y,Y,Y,Y,Y,Y,Y,Y,Y,Y,Y,Y,Y,Y,Y,Y,Y,N,Y,,,,,,
DS_78,F,24-29,178,91,Athletic,Right,Y,N,,,,,Y,Y,Y,Y,Y,Y,Y,Y,Y,Y,Y,Y,Y,N,Y,Y,Y,Y,Y,Y,Y,Y,Y,,,,,,
DS_79,M,18-23,157,68,Athletic,Right,Y,N,,,,,Y,Y,N,Y,Y,Y,Y,Y,Y,Y,Y,Y,Y,Y,Y,Y,Y,Y,Y,Y,Y,Y,Y,,,,,,
DS_80,M,24-29,168,74,Athletic,Right,Y,N,,,,,Y,Y,Y,Y,Y,Y,Y,Y,Y,Y,Y,Y,Y,Y,Y,Y,Y,Y,Y,Y,Y,Y,Y,,,,,,
DS_81,M,24-29,180,77,Athletic,Right,Y,N,,,,,Y,Y,Y,N,Y,Y,Y,Y,Y,Y,Y,Y,Y,Y,Y,Y,Y,Y,Y,Y,Y,Y,Y,,,,,,
DS_82,F,24-29,160,81,Athletic,Right,Y,N,,,,,Y,Y,Y,Y,Y,Y,Y,Y,Y,Y,Y,Y,Y,Y,Y,Y,Y,Y,Y,Y,Y,Y,N,,,,,,
DS_83,M,66+,172,71,Athletic,Right,Y,N,,,,,Y,Y,Y,Y,Y,Y,Y,Y,Y,Y,Y,Y,Y,Y/Orientation_Issue,Y,Y,Y,Y,Y,Y,Y,Y,Y,,,,,,
DS_84,F,30-35,160,73,Athletic,Right,Y,N,0,0,N,0,Y,Y,Y,Y,Y,Y,Y,Y,Y,Y,Y,Y,Y,Y,Y,Y,Y,Y,Y,Y,Y,Y,Y,N,N,N,N,N,N
DS_85,M,24-29,162,64.5,Athletic,Right,Y,N,,,,,Y,Y,Y,Y,Y,Y,Y,Y,Y,Y,Y,N,Y,Y,Y,Y,Y,Y,Y,Y,Y,Y,Y,,,,,,
DS_86,M,24-29,175,74,Athletic,Right,Y,N,,,,,Y,Y,Y,Y,Y,Y,Y,Y,Y,Y,Y,Y,Y,Y,Y,Y,Y,Y,Y,Y,Y,Y,Y,,,,,,
DS_87,F,66+,160,77,Athletic,Right,Y,N,,8,N,2,Y,Y,Y,Y,Y,Y,Y,Y,Y,Y,Y,Y,Y,Y,Y,Y,Y,Y,Y,Y,Y,Y,Y,Y,Y,Y,Y,Y,Y
DS_88,M,54-59,175,68,Athletic,Right,Y,N,0,0,N,0,Y,Y,Y,Y,Y,Y,Y,Y,Y,Y,Y,Y,Y,Y,Y,Y,Y,Y,Y,Y,Y,Y,Y,N,N,N,N,N,N
DS_89,F,66+,160,62,Athletic,Right,Y,N,,,,,Y,Y,Y,Y,Y,Y,Y,Y,Y,Y,Y,Y,Y,Y,Y,Y,Y,Y,Y,Y,Y,Y,Y,,,,,,
DS_90,M,66+,175,79,Athletic,Right,Y,N,8,8,N,2,Y,Y,Y,Y,Y,Y,Y,Y,Y,Y,Y,Y,Y,Y,Y,Y,Y,Y,Y,Y,Y,Y,Y,Y,Y,Y,Y,Y,Y
DS_91,M,66+,180,91,Casual,Left,Y,N,,,,,Y,Y,Y,Y,Y,Y,Y,Y,Y,Y,Y,Y/Accelerometer Only,Y,Y,Y,Y,Y,Y,Y,Y,Y,Y,Y,,,,,,
DS_92,M,30-35,175,68,Athletic,Right,Y,N,,,,,Y,Y,Y,Y,Y,Y,Y,Y,Y,Y,Y,Y,Y,Y,Y,Y,Y,Y,Y,Y,Y,Y,Y,,,,,,
DS_93,F,24-29,162,70,Athletic,Right,Y,N,,,,,Y,Y,Y,Y,Y,Y,Y,Y,Y,Y,Y,Y,Y,Y,Y,Y,Y,Y,Y,Y,Y,Y,Y,,,,,,
DS_94,M,48-53,185,79,Athletic,Right,Y,N,,,,,Y,Y,Y,Y,Y,Y,Y,Y,Y,Y,Y,Y,Y,Y,Y,Y,Y,Y,Y,Y,Y,Y,Y,,,,,,
DS_96,F,66+,161,57,Athletic,Right,Y,N,,,,,Y,Y,Y,Y,Y,Y,Y,Y,Y,Y,N,Y,Y,Y,Y,Y,Y,Y,Y,Y,Y/Orientation_Issue,Y,Y,,,,,,
DS_97,F,66+,155,64,Athletic,Right,Y,N,,,,,Y,Y,Y,Y,Y,Y,Y,Y,Y,Y,Y,Y,Y,Y,Y,Y,Y,Y,Y,Y,Y,Y/Partial,Y,,,,,,
DS_98,M,66+,178,75,Athletic,Right,Y,N,,,,,Y,Y,Y,Y,Y,Y,Y,Y,Y,Y,Y,Y,Y,Y,Y,Y,Y,Y,Y,Y,Y,Y,Y,,,,,,
DS_99,M,24-29,181,92,Casual,Right,Y,N,,,,,Y,Y,Y,Y,Y,Y,Y,Y,Y,Y,Y,Y,Y,Y,Y,Y,Y,Y,Y,Y,Y,Y,Y,,,,,,
DS_100,M,66+,175,84,Athletic,Right,Y,N,,,,,Y,Y,Y,Y,Y,Y,Y,Y,Y,Y,Y,Y,Y,Y,Y,Y,Y,Y,Y,Y,Y,Y,Y,,,,,,
DS_101,M,30-35,175,111,Athletic,Right,Y,N,,,,,Y,Y,Y,Y,Y,Y,Y,Y,Y,Y,Y,Y,N,N,Y,Y,Y,Y,Y,Y,Y,Y,Y,,,,,,
DS_102,F,60-65,158,68.5,Heels,Right,Y,N,,,,,Y,Y,Y,Y,Y,Y,Y,Y,Y,Y,Y,Y,Y,Y,Y,Y,Y,Y,Y,Y,Y,Y,Y,,,,,,
DS_103,M,54-59,185,63.5,Athletic,Right,Y,N,,,,,Y,Y,Y,Y/Accelerometer Only,Y,Y,Y,Y,Y,Y,Y,Y,Y,Y,Y/Accelerometer Only,Y,Y,Y,Y,Y,Y,Y,Y,,,,,,
DS_104,M,36-41,163,66,Casual,Right,Y,N,,,,,Y,Y,Y,Y ,Y,Y,Y,Y,Y,Y,Y,Y,Y,Y,Y ,Y,Y,Y,Y,Y,Y,Y,Y,,,,,,
DS_105,F,60-65,162,53,Athletic,Right,Y,N,,,,,Y,Y,N,Y,Y,Y,Y,Y,Y,Y,Y,Y,Y,Y,Y,Y,Y,Y,Y,Y,Y,Y,Y,,,,,,
DS_106,M,54-59,168,72,Casual,Right,Y,N,,,,,Y,Y,Y,Y,Y,N,Y,Y,Y,Y,Y,Y,Y,Y,Y,Y,Y,Y,Y,Y,Y,Y,Y,,,,,,
DS_107,F,30-35,168,70.31,Athletic,Right,Y,N,,,,,Y/Accelerometer Only,Y,Y,Y,Y,Y,Y,Y,Y,Y,Y,Y,Y,Y,Y/Orientation Issue,Y,Y,Y,Y,Y,Y,N,Y,,,,,,
DS_108,F,66+,173,72.5,Athletic,Right,Y,N,,,,,Y,Y,Y,Y,Y,Y,Y,Y,Y,Y,Y,Y,Y,Y,Y,Y,Y,Y,Y,Y,Y,Y,Y,,,,,,
DS_109,F,66+,170,61,Casual,Right,Y,N,,,,,Y,Y,Y,Y,Y,Y,N,Y,Y,Y,Y,Y,Y,Y,Y,Y,Y,Y,Y,Y,Y,Y,Y,,,,,,
DS_110,M,60-65,183,70.31,Athletic,Right,Y,N,,,,,Y,Y,Y,Y,Y,Y,Y,Y,Y,Y,Y,Y,Y,Y,Y,Y,Y,Y,Y,Y,Y,N,Y,,,,,,
DS_111,F,24-29,167,50.2,Athletic,Right,Y,N,,,,,Y,Y,Y,Y,Y,Y,Y,Y,Y,Y,Y,Y,Y,Y,Y,Y,Y,Y,Y,Y,Y,Y,Y/Partial,,,,,,
DS_112,F,30-35,150,62.6,Athletic,Right,Y,N,,,,,Y,Y,Y,Y,Y,Y,Y,Y,Y,Y,Y,Y,Y,Y,Y,Y,Y,Y,Y,Y,Y,N,Y,,,,,,
DS_113,M,66+,173,86,Boots,Left,Y,N,0,0,N,0,Y,Y,Y,Y,Y,Y,Y,Y,Y,Y,Y,Y,Y,Y,Y,Y,Y,Y,Y,Y,Y,Y/Partial,Y,N,N,N,N,N,N
DS_114,M,24-29,170,70,Athletic,Left,Y,N,,,,,Y,Y,Y,Y,Y,Y,Y,Y,Y,Y,Y,Y,Y,Y,Y,Y,Y,Y,Y,Y,Y/Orientation_Issue,Y,Y,,,,,,
DS_115,F,48-53,168,67,Athletic,Right,Y,Y,,,,,Y,Y,Y,Y,Y,Y,Y,Y,Y,Y,Y,Y,Y,Y,Y,Y,Y,Y,Y,Y,Y,Y,Y,,,,,,
DS_116,M,54-59,180,75,Athletic,Right,Y,N,,,,,Y,Y,Y,Y,Y/Orientation_Issue,Y,Y,Y,Y,Y,Y,Y,Y,Y,Y,Y/Orientation_Issue,Y,Y,Y,Y,Y,N,Y,,,,,,
DS_117,M,24-29,171,63,Athletic,Right,Y,N,0,0,N,0,Y,Y,Y,Y,Y,Y,Y,Y,Y,Y,Y,Y,Y,Y,Y,Y,Y,Y,Y,Y,Y,Y,Y,N,N,N,N,N,N
DS_118,M,36-41,173,71,Athletic,Right,Y,Y,0,0,N,0,Y,Y,Y,Y,Y,Y,Y,Y,Y,Y,Y,Y,Y,Y,Y,Y,Y,Y,Y,Y,Y,Y,Y,N,N,N,N,N,N
DS_119,F,24-29,159,76.5,Boots,Right,Y,Y,,,,,Y,Y,Y,Y,Y,Y,Y,Y,Y,Y,Y,Y,Y,Y,Y,Y,Y,Y,Y,Y,Y,Y,Y,,,,,,
DS_120,F,24-29,174,62.8,Athletic,Right,Y,N,0,0,N,0,Y,Y,Y,Y,Y,Y,Y,Y,Y,Y,Y,Y,Y,Y,Y,Y,Y,Y,Y,Y,Y,Y,Y,N,N,N,N,N,N
DS_122,F,30-35,178,1.18,Athletic,Right,Y,N,8,0,N,0,Y,Y,Y,N,Y,Y,Y,N,Y,Y,Y,Y,Y,Y,Y,Y,Y,N,Y,Y,Y,Y,Y,Y,Y,Y,Y,Y,Y
DS_123,M,60-65,175,88,Athletic,Right,Y,N,8,8,N,2,Y,Y,Y,Y,Y,Y,Y,Y,Y,Y,Y,Y,Y,Y,Y,Y,Y,Y,Y,Y,Y,Y,Y,Y,Y,Y,Y,Y,Y
DS_124,F,30-35,160,51,Athletic,Right,Y,N,,,,,Y,Y,Y,Y,Y,Y,Y,Y,Y,Y,Y,Y,Y,Y,Y,Y,Y,Y,Y,Y,Y,Y,Y,,,,,,
DS_125,F,24-29,170,64,Boots,Right,Y,N,,,,,Y,Y,Y,Y,Y,Y,Y,Y,Y,Y,Y,Y,Y,Y,Y,Y,Y,Y,Y,Y,Y,Y,Y,,,,,,
DS_126,M,54-59,188,152,Athletic,Right,Y,Y,,,,,Y,Y,Y,Y,Y,Y,Y,Y,Y,Y,Y,Y,Y,Y,Y,Y,Y,Y,Y,Y,Y,Y/Partial,Y,,,,,,
DS_127,F,24-29,152,43.18,Athletic,Right,Y,N,,,,,Y,Y,Y,Y,Y,Y,Y,Y,Y,Y,Y,Y,Y,Y,Y,Y,Y,Y,Y,Y,Y,N,N,,,,,,
DS_128,M,54-59,180,81.65,Athletic,Right,Y,Y,,,,,Y,Y,Y,Y,Y,Y,Y,Y,Y,Y,Y,Y,Y,Y,Y,Y,Y,Y,Y,Y,Y,N,N,,,,,,
DS_129,F,30-35,160,73,Athletic,Right,Y,N,,,,,Y,Y,Y,Y,Y,Y,Y,Y/Accelerometer Only,Y,Y,Y,Y,Y,Y,Y,Y,Y,Y,Y/Accelerometer Only/Partial,Y,Y,Y,Y,,,,,,
DS_130,F,30-35,165,65,Athletic,Right,Y,N,8,0,N,0,Y,N,Y,Y,Y,Y,Y,Y,Y,Y,Y,Y,N,Y,Y,Y,Y,Y,Y,N,Y,Y,Y,Y,Y,Y,Y,Y,Y
DS_132,F,30-35,165,62,Athletic,Right,Y,Y,8,8,Y,2,Y,Y,Y,Y,Y,Y,Y,Y,Y,Y,Y,Y,Y,Y,Y,Y,Y,Y,Y,Y,Y,Y,Y,Y,Y,Y,Y,Y,Y
DS_133,M,66+,180,85.28,Athletic,Right,Y,N,8,0,N,0,Y,Y,Y,Y,Y,Y,Y,Y,Y,Y,Y,Y,Y,Y,Y,Y,Y,Y,Y,Y,Y,Y,Y,Y,Y,Y,Y,Y,Y
DS_135,M,24-29,183,77.11,Athletic,Right,Y,N,2,0,N,0,Y,Y,Y,Y,Y,Y,Y,Y,Y,Y,Y,Y,Y,Y,Y,N,Y,Y,Y,Y,Y,Y,Y,Y/Partial,Y/Partial,Y/Partial,Y/Partial,Y/Partial,Y/Partial
DS_136,F,48-53,163,63.5,Athletic,Right,Y,N,8,8,Y,2,Y,Y,Y,Y,Y,Y,Y,Y,Y,Y,Y,Y,Y,Y,Y,Y,Y,Y,Y,Y,Y,Y,Y,Y,Y,Y,Y,Y,Y
DS_138,F,60-65,160,68,Athletic,Right,Y,N,,8,N,2,Y,Y,Y,Y,Y,Y,Y,Y,Y,Y,Y,Y,Y,Y,Y,Y,Y,Y,Y,Y,Y,Y,Y,Y,Y,Y,Y,Y,Y
DS_139,F,36-41,165,72,Athletic,Right,Y,N,,8,N,2,Y,Y,Y,Y,Y,Y,Y,Y,Y,Y,Y,Y,Y,Y,Y,Y,Y,Y,Y,Y,Y,Y,Y,Y,Y,Y,Y,Y,Y
DS_140,F,60-65,164,80.6,Athletic,Right,Y,N,8,8,N,0,Y,Y,Y,Y,Y,Y,Y,Y,Y,Y,Y,Y,Y,Y,Y,Y,Y,Y,Y,Y,Y,Y,Y,Y,Y,Y,Y/Partial,Y,Y
DS_145,M,30-35,190,102,Athletic,Right,Y,N,8,8,N,0,Y,Y,Y,Y,Y,Y,Y,Y,Y,Y,Y,Y,Y,Y,Y,N,Y,Y,Y,Y,Y,Y,Y,Y,Y,Y,Y,Y,Y
DS_146,M,66+,176,71.4,Athletic,Right,Y,N,8,8,N,2,Y,Y,Y,Y,Y,Y,Y,Y,Y,Y,Y,Y,Y,Y,Y,Y,Y,Y,Y,Y,Y,Y,Y,Y,Y,Y,Y,Y,Y
DS_147,F,42-47,157,55,Athletic,Right,Y,Y,,,,,Y,Y,Y,Y,Y,Y,Y,Y,Y,Y,Y,Y,Y,Y,Y,Y,Y,Y,Y,Y,Y,Y,Y,,,,,,
DS_148,F,54-59,163,88.6,Athletic,Left,Y,N,,,,,Y,Y,Y,Y,Y,Y,Y,Y,Y,Y,Y,Y,Y,Y,Y,Y,Y,Y,Y,Y,Y,Y,Y,,,,,,
DS_149,F,36-41,165,63.5,Athletic,Right,Y,N,,,,,Y,Y,Y,Y,Y,Y,Y,Y,Y,Y,Y,Y,Y,Y,Y,Y,Y,Y,Y,Y,Y,Y,Y,,,,,,
DS_151,M,66+,173,54.43,Athletic,Left,Y,N,,,,,Y,Y,Y,Y,Y,Y,Y,Y,Y,Y,Y,Y,Y,Y,Y,Y,Y,Y,Y,Y,Y,Y,Y,,,,,,
DS_152,F,48-53,160,50.8,Athletic,Left,Y,N,0,0,N,0,Y,Y,Y,Y,Y,Y,Y,Y,Y,Y,Y,Y,Y,Y,Y,Y,Y,Y,Y,Y,Y,Y,Y,N,N,N,N,N,N
DS_153,F,66+,160,57,Athletic,Right,Y,N,,,,,Y,Y,N,Y,Y,Y,Y,Y,Y,Y,Y,Y,Y,Y,Y,Y,Y,Y,Y,Y,Y,Y,Y,,,,,,
DS_154,F,54-59,160,82,Athletic,Left,Y,N,,,,,Y,Y,Y,Y,Y,Y,Y,Y,Y,Y,Y,Y,Y,Y,Y,Y,Y,Y,Y,Y,Y,Y,Y,,,,,,
DS_155,M,60-65,170,100,Athletic,Right,Y,N,,,,,Y,Y,Y,Y,Y,Y,Y,Y,Y,Y,Y,Y,Y,Y,Y,Y,Y,Y,Y,Y,Y,Y,Y,,,,,,
DS_156,M,36-41,178,115,Athletic,Right,Y,Y,5,5,N,0,Y,Y,Y,Y,Y,Y,Y,Y,Y,Y,Y,Y,Y,Y,Y,Y,Y,Y,Y,Y,Y,Y,Y,Y,N,Y,Y,Y,Y
DS_157,F,60-65,170,88.45,Casual,Right,Y,N,,,,,Y,Y,Y,Y,Y/Orientation_Issue,Y,Y,Y,Y,Y,Y,Y,Y,Y,Y,Y/Orientation_Issue,N,Y,Y,Y,Y,Y,Y,Y,N,Y,Y,Y,Y
DS_159,F,36-41,168,73,Athletic,Right,Y,N,8,8,N,0,Y,Y,Y,Y,Y,Y,Y,Y,Y,Y,Y,Y,Y,Y,Y,Y,Y,Y,Y,Y,Y,Y,Y,Y,Y,Y,Y,Y,Y
DS_160,F,54-59,160,62.14,Casual,Right,Y,N,,,,,Y,Y,Y,Y,Y,Y,Y,Y,Y,Y,Y,Y,Y,Y,Y,Y,Y,Y,Y,Y,Y,Y,Y,,,,,,
DS_161,F,30-35,185,72.57,Athletic,Right,Y,N,,8,N,2,Y,Y,N,Y,Y,Y,Y,Y,Y,Y,N,Y,Y,Y,Y,Y,Y,Y,Y,Y,Y,Y,Y,Y,Y,Y,Y,Y,Y
DS_163,M,66+,173,65.77,Athletic,Right,Y,N,,7,N,2,Y/Partial,Y/Partial,Y/Partial,Y/Partial,Y/Partial,Y/Partial,Y/Partial,Y/Partial,Y/Partial,Y/Partial,Y/Partial,Y/Partial,Y/Partial,Y/Partial,Y/Partial,Y/Partial,Y/Partial,Y/Partial,Y/Partial,Y/Partial,Y/Partial,Y,Y,Y,Y,Y,Y,Y,Y
DS_164,F,36-41,170,59,Boots,Right,Y,Y/Partial,0,0,N,0,Y,Y,Y,Y,Y,Y,Y,Y,Y,Y,Y,Y,Y,Y,Y,Y,Y,Y,Y,Y,Y,Y,Y,N,N,N,N,N,N
DS_168,M,60-65,177,77,Boots,Right,Y,Y,,8,Y,2,Y,Y,Y,Y,Y,Y,Y,Y,Y,Y,Y,Y,Y,Y,Y,Y,Y,Y,Y,Y,Y,Y,Y,Y,Y,N,Y,Y,Y
DS_169,F,66+,160,52.3,Athletic,Right,Y,N,8,0,N,1,Y,Y,Y,Y,Y,Y,Y,Y,Y,Y,Y,Y,Y,Y,Y,Y,Y,Y,Y,Y,Y,Y,Y,Y,Y,Y,Y,Y,Y
DS_170,M,60-65,182,87.9,Casual,Right,Y,N,,,,,Y,Y,Y,Y,Y,Y,Y,Y,Y,Y,Y,Y,Y,Y,Y,Y,Y,Y,Y,Y,Y,Y,Y,,,,,,
DS_171,F,66+,163,65.6,Athletic,Right,Y,N,,8,N,2,Y,Y,Y,Y,Y,Y,Y,Y,Y,Y,N,Y,Y,Y,Y,Y,Y,Y,Y,Y,Y,Y,Y,,,,,,
DS_172,F,36-41,164,134,Sandals,Right,Y,N,,4,Y,1,Y/Accelerometer Only,Y/Accelerometer Only,Y/Accelerometer Only,Y/Accelerometer Only,Y/Accelerometer Only,Y/Accelerometer Only,Y/Accelerometer Only,Y/Accelerometer Only,Y/Accelerometer Only,Y/Accelerometer Only,Y/Accelerometer Only,Y/Accelerometer Only,Y/Accelerometer Only,Y/Accelerometer Only,Y/Accelerometer Only,Y/Accelerometer Only,Y/Accelerometer Only,Y/Accelerometer Only,Y/Accelerometer Only,Y/Accelerometer Only,Y/Accelerometer Only,Y,Y,,,,,,
DS_173,F,66+,164,53.6,Athletic,Right,Y,N,,,,,Y,Y,N,Y,Y,Y,Y,Y,Y,Y,Y,Y,Y,Y,Y,Y,Y,Y,Y,Y,Y,Y,Y,,,,,,
DS_174,F,36-41,162,74,Athletic,Right,Y,N,,,,,Y,Y,Y,Y,Y,Y,Y,Y,Y,Y,Y,Y,Y,Y,Y,Y,Y,Y,Y,Y,Y,Y,Y,,,,,,
DS_175,M,42-47,188,83,Athletic,Right,Y,N,,,,,Y,Y,Y,Y,Y,Y,Y,Y,Y,Y,Y,Y,Y,Y,Y,Y,Y,Y,Y,Y,Y,Y,Y,,,,,,
DS_176,F,54-59,160,65.7,Casual,Right,Y,N,,,,,Y,Y,Y,Y,Y,Y,Y,Y,Y,Y,Y,Y,Y,Y,Y,Y,Y,Y,Y,Y,Y,Y,Y,,,,Y/Partial,,
DS_177,F,60-65,175,72,Athletic,Right,Y,N,,,,,Y,Y,Y,Y,Y,Y,Y,Y,Y,Y,Y,Y,Y,Y,Y,Y,Y,Y,Y,Y,Y,N,Y,,,,,,
DS_179,F,48-53,163,53,Athletic,Right,Y,N,,,,,Y,Y,Y,Y,Y,Y,Y,Y,Y,Y,Y,Y,Y,Y,Y,Y,Y,Y,Y,Y,Y,Y,Y,,,,,,
DS_180,F,54-59,165,50.8,Athletic,Right,Y,N,,,,,Y,Y,Y,Y,Y,Y,Y,Y,Y,Y,Y,Y,Y,Y,Y,Y,Y,Y,Y,Y,Y,Y,Y,,,,,,
DS_181,F,66+,160,58.9,Athletic,Left,Y,N,,,,,Y,Y,Y,Y,Y,Y,Y,Y,Y,Y,Y,Y,Y,Y,Y,Y,Y,Y,Y,Y,Y,Y,Y,,,,,,
DS_183,M,36-41,160,78,Athletic,Left,Y,Y,,,,,Y,Y,Y,Y,Y,Y,Y,Y,Y/Partial,Y,Y,Y,Y,Y,Y,Y,Y,Y,Y,Y,Y,Y,Y,,,,,,
DS_184,M,48-53,183,81.8,Athletic,Right,Y,N,,,,,Y,Y,Y,Y,Y,Y,Y,Y,Y,Y,Y,Y,Y,Y,Y,Y,Y,Y,Y,Y,Y,Y,Y,,,,,,
DS_185,F,60-65,175,70.3,Athletic,Right,Y,N,,,,,Y,Y,Y,Y,Y,Y,Y,Y,Y,Y,Y,Y,Y,Y,Y,Y,Y,Y,Y,Y,Y,Y/Partial,Y,,,,,,
DS_187,M,54-59,180,75,Athletic,Right,Y,N,,,,,Y,Y,Y,Y,Y,Y,Y,Y,Y,Y,Y,Y,Y,Y,Y,Y,Y,Y,Y,Y,Y,Y,Y/Partial,,,,,,
DS_188,M,54-59,175,107,Athletic,Right,Y,Y/Partial,,,,,Y,Y,Y,Y,Y,Y,Y,Y,Y,Y,Y,Y,Y,Y,Y,Y,Y,Y,Y,Y,Y,Y,Y,,,,,,
DS_189,F,36-41,132,56.2,Athletic,Right,Y,N,,,,,Y,Y,Y,Y,Y,Y,Y,Y,Y,Y,Y,Y,Y,Y,Y,Y,Y,Y,Y,Y,Y,Y,Y,,,,,,
DS_190,M,54-59,178,81.6,Boots,Right,Y,N,,,,,Y,Y,Y,Y,Y,Y,Y,Y,Y,Y,Y,Y,Y,Y,Y,Y,Y,Y,Y,Y,Y,Y,N,,,,,,
DS_192,F,36-41,160,83,Athletic,Right,Y,Y,,,,,Y,Y,Y,Y,Y,Y,Y,Y,Y,Y,Y,Y,Y,Y,Y,Y,Y,Y,Y,Y,Y,Y,Y/Partial,,,,,,
DS_193,F,42-47,131,65,Athletic,Right,Y,Y,,,,,Y/Orientation_Issue,Y,Y,Y,Y,Y/Orientation_Issue,Y,Y,Y,Y,Y,Y,Y,Y,Y,Y,Y,N,Y,Y,Y,N,Y,,,,,,
DS_195,F,36-41,178,68,Athletic,Right,Y,N,,,,,Y,Y,Y,Y,Y,Y,Y,Y,Y,Y,Y,Y,Y,Y,Y,Y,Y,Y,Y,Y,Y,Y,Y,,,,,,
DS_197,F,66+,160,85.3,Casual,Right,Y,N,,,,,Y,Y,Y,Y,Y/Orientation_Issue,Y,Y,Y,Y,Y,Y,Y,Y,Y,Y,Y/Orientation_Issue,Y,Y,Y,Y,Y,N,Y,,,,,,
DS_198,M,42-47,181,100,Sandals,Right,Y,N,,,,,Y,Y,Y,Y,Y,Y,Y,Y,Y,Y,Y,Y,Y,Y,Y,Y,Y,Y,Y/Accelerometer Only,Y,Y,Y,Y,,,,,,
DS_199,F,66+,164,60,Athletic,Right,Y,N,,,,,Y,Y,Y,Y,Y,Y,Y,Y,Y/Accelerometer Only,Y,Y,Y,Y,Y,Y,Y,Y,Y,Y,Y,Y,Y,Y,,,,,,
DS_200,M,66+,173,73.9,Athletic,Right,Y,N,,,,,Y,Y,Y,Y,Y,Y,Y,Y,Y,Y,Y,Y,Y,Y,Y,Y,Y,Y,Y,Y,Y/Accelerometer Only,Y,Y,,,,,,
DS_201,M,54-59,175,103.9,Athletic,Right,Y,Y,,,,,Y,Y,Y,Y,Y,Y,Y,Y,Y,Y,Y,Y,Y,Y,Y,Y,Y,Y,Y,Y,Y,N,Y/Partial,,,,,,
DS_202,M,48-53,171,78,Athletic,Right,Y,N,,,,,Y,Y,Y,Y,Y,Y,Y,Y,Y,Y,Y,Y,Y,Y,Y,Y,Y,Y,Y,Y,Y,Y,Y,,,,,,
DS_204,M,42-47,181,162,Athletic,Right,Y,N,,,,,Y,Y,Y,Y,Y,Y,Y,Y,Y,Y,Y,Y,Y,Y,Y,Y,Y,Y/Partial,Y,Y,Y,Y,Y,,,,,,
DS_206,M,60-65,175,90.7,Athletic,Right,Y,N,,,,,Y,Y,Y,Y,Y,Y,Y ,Y ,Y ,Y ,Y ,Y ,Y ,Y ,Y ,Y ,Y ,Y ,Y ,Y ,Y ,Y ,N,,,,,,
DS_207,M,48-53,183,127,Athletic,Right,Y,N,,,,,Y,Y,Y,Y,Y,Y,Y,Y,Y,Y,N,Y,Y,Y,Y,Y,Y,Y,N,Y,Y,N,N,,,,,,
DS_208,M,66+,172,62,Athletic,Right,Y,N,,,,,Y,Y,Y,Y,Y,Y,Y,Y,Y,Y,Y,Y,Y,Y,Y,Y,Y,Y,Y,Y,Y,Y,Y/Partial,,,,,,
DS_210,M,36-41,182,104,Casual,Right,Y,N,,,,,Y,Y,Y,Y,Y,Y,Y,Y,Y,Y,Y,Y,Y,Y,Y,Y,Y,Y,Y,Y,Y,Y,N,,,,,,
DS_211,F,48-53,169,85.6,Athletic,Left,Y,N,,,,,Y,Y,Y,Y,Y,Y,Y,Y,Y,Y,Y,Y,Y,Y,Y,Y,Y,Y,Y,Y,Y,Y,N,,,,,,
DS_212,M,54-59,177,82.5,Athletic,Right,Y,N,,,,,Y,Y,Y,Y,Y,Y,Y,Y,Y,Y,Y,Y,Y,Y,Y,Y,Y,Y,Y,Y,Y,Y,Y,,,,,,
DS_213,F,54-59,150,61,Athletic,Right,Y,N,,,,,Y,N,Y,Y,Y,Y,Y,Y,Y,Y,Y,Y,Y,Y,Y,Y,Y,Y,Y,Y,Y,Y/Partial,Y/Partial,,,,,,
DS_214,F,36-41,167,69.5,Athletic,Right,Y,N,,,,,Y,Y,Y,Y,Y,Y,Y,Y,Y,Y,Y,Y,Y,Y,Y,Y,Y,Y,Y,Y,Y,Y,Y/Partial,,,,,,
DS_215,F,42-47,168,83.46,Athletic,Right,Y,N,,,,,Y,Y,Y,Y,Y,Y,Y,Y,Y,Y,Y,Y,Y,Y,Y,Y,Y,Y,Y/Orientation_Issue,Y,Y,Y,Y,,,,,,
DS_216,F,54-59,165,68.04,Athletic,Right,Y,N,,,,,Y,Y,Y,Y,Y,Y,Y,Y,Y,Y,Y,Y,Y,Y,Y,Y,Y,Y,Y,Y,Y,Y,Y,,,,,,
DS_217,M,36-41,203,143.79,Athletic,Left,Y,N,,,,,Y,Y,Y,Y,Y,Y,Y,Y,Y,Y,Y,Y,Y,Y,Y,Y,Y,Y,Y,Y,Y,Y,Y,,,,,,
DS_218,M,60-65,178,86,Athletic,Right,Y,N,,,,,Y,Y,N,Y,Y,Y,Y,Y,Y,Y,Y,Y,Y,Y,Y,Y,Y,Y,Y,Y,Y,Y,Y,,,,,,
DS_219,M,42-47,185,108.86,Casual,Right,Y,N,,,,,Y,Y,Y,Y,Y,Y,Y,Y,Y,Y,N,Y,Y,Y,Y,Y,Y,Y,Y,Y,Y,Y,Y,,,,,,
DS_220,M,36-41,185,116,Athletic,Right,Y,N,,,,,Y,Y,Y,Y,Y,Y,Y,Y,Y,Y,Y,Y,Y,Y,Y,Y,Y,Y,Y,Y,Y,Y,Y,,,,,,
DS_221,F,48-53,171,88.5,Boots,Right,Y,N,,,,,Y,Y,Y,Y,Y,Y,Y,Y,Y,Y,Y,Y,Y,Y,Y,Y/Orientation_Issue,Y,Y,Y,Y,Y,Y,Y,,,,,,
DS_223,F,48-53,173,90.72,Casual,Right,Y,N,,,,,Y,Y,Y,Y,Y,Y,Y,Y,Y,Y,Y,Y,Y,Y,Y,Y,Y,Y,Y,Y,Y,Y,Y/Partial,,,,,,
DS_224,F,66+,157,72.12,Athletic,Right,Y,N,,,,,Y,Y,Y,Y,Y,Y/Orientation_Issue,Y/Orientation_Issue,Y/Orientation_Issue,Y,Y,Y,Y,Y,Y,Y,Y,Y/Orientation_Issue,Y/Orientation_Issue,Y/Orientation_Issue,Y,Y,Y,Y,,,,,,
DS_226,M,66+,185,86.1,Athletic,Right,Y,N,,,,,Y,Y,Y,Y,Y,Y,Y,Y,Y,Y,Y,Y,Y,Y,Y,Y,Y,Y,Y,Y,Y,N,Y,,,,,,
DS_229,F,36-41,167,66,Athletic,Right,Y,N,,,,,Y,Y,Y,Y,Y,Y,Y,Y,Y,Y,Y,Y,Y,Y,Y,Y,Y,Y,Y,Y,Y,Y,Y,,,,,,
DS_230,M,42-47,178,75,Casual,Right,Y,N,,,,,Y,Y,Y,Y,Y,Y,Y,Y,Y,Y,Y,Y,Y,Y,Y,Y,Y,Y,Y,Y,Y,Y,Y/Partial,,,,,,
DS_231,M,60-65,180,99.34,Athletic,Right,Y,N,,,,,Y,Y,Y,Y,Y,Y,Y,Y,Y,Y,Y,Y,Y,Y,Y,Y,Y,Y,Y,Y,Y,Y,Y,,,,,,
DS_234,M,54-59,178,68.95,Boots,Right,Y,N,,,,,Y,Y,Y,Y,Y,Y,Y,Y,Y,Y,Y,Y,Y,Y,Y,Y,Y,Y,Y,Y,Y,Y,Y,,,,,,
DS_235,F,30-35,159,61.8,Athletic,Right,Y,N,8,8,N,2,Y,Y,Y,Y,Y,Y,Y,Y,Y,Y,Y,Y,Y,Y,Y,Y,Y,Y,Y,Y,Y,Y,Y,Y,Y,Y,Y/Partial,Y,Y
DS_237,M,54-59,178,108.9,Athletic,Right,Y,Y,,,,,Y,Y,Y,Y,Y,Y,Y,Y,Y,Y,Y,Y,Y,Y,Y,Y,Y,Y,Y,Y,Y,Y,Y,,,,,,
DS_238,M,30-35,172,65,Athletic,Right,Y,Y,,,,,Y,Y,Y,Y,Y,Y,Y,Y,Y,Y,Y,Y,Y,Y,Y,Y,Y,Y,Y,Y,Y,Y,Y,,,,,,
DS_239,F,60-65,176,91.8,Boots,Left,Y,Y,8,8,Y,1,Y,Y,Y,Y,Y,Y,Y,Y,Y,Y,Y,Y,Y,Y,Y,Y,Y,Y,Y,Y,Y,Y,Y,Y/Partial,Y,Y,Y,Y/Partial,Y
DS_240,M,60-65,166,102,Athletic,Right,Y,N,8,8,N,2,Y,Y,Y,Y,Y,Y,Y,Y,Y,Y,Y,Y,Y,Y,Y,Y,Y,Y,Y,Y,Y,Y,Y,Y,Y/Partial,Y,Y/Partial,Y,Y
DS_241,M,48-53,132,71,Athletic,Left,Y,N,,,,,Y,Y,Y,Y,Y,Y,Y,Y,Y,Y,Y,Y,Y,Y,Y,Y,Y,Y,Y,Y,Y,Y,Y,,,,,,
DS_242,M,36-41,182,84,Athletic,Right,Y,Y,,,,,Y,Y,Y,Y,Y,Y,Y,Y,Y,Y,Y,Y,Y,Y,Y,Y,Y,Y,Y,Y,Y,Y,Y,,,,,,
DS_243,F,42-47,170,128.6,Athletic,Right,Y,N,,,,,Y,Y,Y,Y,Y,Y,Y,Y,Y,Y,Y,Y,Y,Y,Y,Y,Y,Y,Y,Y,Y,Y,Y/Issue,,,,,,
DS_244,F,60-65,131,79,Athletic,Right,Y,N,,,,,Y,Y,Y,Y,Y,Y/Partial,Y,Y,Y,Y,Y,Y,Y,Y,Y,Y,Y,Y,Y,Y,Y,Y,Y,,,,,,
DS_245,M,42-47,193,78.9,Athletic,Right,Y,N,,,,,Y,Y,Y,Y,Y,Y,Y,Y,Y,Y,Y,Y,Y,Y,Y,N,Y,Y,Y,Y,Y,Y,Y,,,,,,
DS_246,M,54-59,175,82.3,Boots,Right,Y,N,8,8,N,2,Y,Y,Y,Y,Y,Y,Y,Y,Y,Y,Y,Y,Y,Y,Y,Y,Y,Y,Y,Y,Y,Y,N,Y,N,Y,Y,Y,Y
DS_248,M,42-47,188,72.6,Athletic,Right,Y,N,,,,,Y,Y,Y,Y,Y,Y,Y,Y,Y,Y,Y,Y,Y,Y,Y,Y,Y,Y,Y,Y,Y,Y,Y,,,,,,
DS_252,M,60-65,182,149,Athletic,Left,Y,N,,,,,Y,Y,Y,Y,Y,Y,Y,Y,Y,Y,Y,Y,Y,Y,Y,Y,Y,Y,Y,Y,Y,Y,Y/Partial,,,,,,
DS_253,F,42-47,169,89.4,Athletic,Left,Y,N,,,,,Y,Y,Y,Y,Y,Y,Y,Y,Y,Y,Y,Y,Y,Y,Y,Y,Y,Y,Y,Y,Y,Y,Y,,,,,,
DS_254,F,36-41,157,69.5,Athletic,Right,Y,N,,,,,Y,Y,Y,Y,Y,Y/Accelerometer Only,Y,Y,Y,Y,Y,Y,Y,Y,Y,Y,Y,Y,Y,Y/Accelerometer Only,Y,Y,Y,,,,,,
DS_256,F,48-53,160,54.1,Athletic,Right,Y,N,,,,,Y,Y,Y,Y,Y,Y,Y,Y,Y,Y,Y,Y,Y,Y,Y,Y,Y,Y,Y,Y,Y,Y,Y,,,,,,
DS_257,M,36-41,178,113,Athletic,Right,Y,N,,,,,Y,Y,Y,Y,Y,Y,Y,Y,Y,Y,Y,Y,Y,Y,Y,Y,Y,Y,Y,Y,Y,Y,Y/Issue,,,,,,
DS_258,M,30-35,168,55.5,Athletic,Right,Y,N,,,,,Y/Accelerometer Only,Y,Y,Y/Accelerometer Only,Y,Y,Y,Y,Y,Y,Y,Y,Y,Y,Y,Y,Y,Y,Y,Y,Y,Y,Y,,,,,,
DS_259,M,42-47,192,97.9,Athletic,Right,Y,Y,,,,,Y,Y,Y,Y,Y,Y,Y,Y,Y,Y,Y,Y,Y,Y,Y,Y,Y,Y,Y,Y,Y,Y,Y/Issue,,,,,,
DS_260,F,24-29,159,53.7,Athletic,Right,Y,N,,,,,Y,Y,Y,Y,Y,Y,Y,Y,Y,Y,Y,Y,Y,Y,Y,Y,Y,Y,Y,Y,Y,Y/Issue,Y,,,,,,
DS_262,F,24-29,171,78.3,Athletic,Right,Y,N,,,,,Y,Y,Y,Y,Y,Y,Y,Y,Y,Y,Y,Y,Y,Y,Y,Y,Y,Y,Y,Y,Y,Y,Y/Issue,,,,,,
DS_263,M,24-29,181,97.4,Athletic,Right,Y,N,8,8,N,Y,Y,Y,Y,Y,Y,Y,N,Y,Y,Y,Y,Y,Y,Y,Y,Y,Y,Y,Y,Y,Y,Y,Y,Y,Y,Y,Y,Y,Y/Partial
DS_264,M,24-29,188,92.1,Athletic,Right,Y,N,,,,,Y,Y,Y,Y,Y,Y,Y,Y,Y,Y,Y,Y,Y,Y,Y,Y,Y,Y,Y,Y,Y,Y,Y/Issue,,,,,,
DS_265,M,18-23,176,69.4,Athletic,Right,Y,N,,,,,Y,Y,Y,Y,Y,Y,Y,Y,Y,Y,Y,Y,Y,Y,Y,Y,Y,Y,Y,Y,Y,Y,Y,,,,,,
DS_266,M,18-23,184,75.1,Athletic,Right,Y,N,,,,,Y,Y,Y,Y,Y,Y,Y,Y,Y,Y,Y,Y,Y,Y,Y,Y,Y,Y,Y,Y,Y,Y,Y,,,,,,
DS_267,F,24-29,162,63.1,Athletic,Right,Y,N,,,,,Y,Y,Y,Y,Y,Y,Y,Y,Y,Y,Y,Y,Y,Y,Y,Y,Y,Y,Y,Y,Y,Y,Y/Issue,,,,,,
DS_268,F,18-23,174,60,Athletic,Right,Y,N,,,,,N,Y,Y,Y,Y,Y,Y,Y,Y,Y,Y,Y,Y,Y,Y,Y,Y,Y,Y,Y,Y,Y,Y,,,,,,
DS_269,M,18-23,190,85.3,Athletic,Left,Y,N,,,,,Y,Y,Y,Y,Y,Y,Y,Y,Y,Y,Y,Y,Y,Y,Y,Y,Y,Y,Y,Y,Y,Y,Y/Issue,,,,,,
DS_270,F,24-29,165,57.6,Athletic,Right,Y,N,,,,,Y,Y,Y,Y,Y,Y,Y,Y,Y,Y,Y,Y,Y,Y,Y,Y,Y,Y,Y,Y,Y,Y,Y/Issue,,,,,,
DS_271,F,24-29,169,55.1,Athletic,Right,Y,N,,,,,Y,Y,Y,Y,Y,Y,Y,Y,Y,Y,Y,Y,Y,Y,Y,Y,Y,Y,Y,Y,Y,Y,Y,,,,,,
DS_272,M,18-23,163,60.3,Athletic,Right,Y,N,,,,,Y,Y,Y,Y,Y,Y,Y,Y,Y,Y,Y,Y,Y,Y,Y,Y,Y,Y,Y,Y,Y,Y,Y/Issue,,,,,,
DS_273,M,30-35,178,83.2,Athletic,Right,Y,N,,,,,Y,Y,Y,Y,Y,Y,Y,Y,Y,Y,Y,Y,Y,Y,Y,Y,Y,Y,Y,Y,Y,Y,Y,,,,,,
DS_275,M,18-23,170,62.8,Athletic,Right,Y,N,8,8,N,2,Y,Y,Y,Y,Y,Y,Y,Y,Y,Y,Y,Y,Y,Y,Y,Y,Y,Y,Y,Y,Y,Y,Y,Y,Y,Y,Y,Y,Y
DS_276,M,18-23,175,71.4,Casual,Right,Y,N,7,7,N,2,Y,Y,Y,Y,Y,Y,Y,Y,Y,Y,Y,Y,Y,Y,Y,Y,Y,Y,Y,Y,Y,Y,Y,Y,Y,Y,Y,Y,Y
DS_277,M,24-29,174,82,Athletic,Right,Y,N,,,,,Y,Y,Y,Y,Y,Y,Y,Y,Y,Y,Y,Y,Y,Y,Y,Y,Y,Y,Y,Y,Y,Y,Y,,,,,,
DS_278,F,36-41,163,61.8,Athletic,Right,Y,N,,,,,Y,Y,Y,Y,Y,Y,Y,Y,Y,Y,Y,Y,Y,Y,Y,Y,Y,Y,Y,Y,Y,Y,Y,,,,,,
DS_279,F,24-29,170,67,Athletic,Right,Y,N,,,,,Y,Y,Y,Y,Y,Y,Y,Y,Y,Y,Y,Y,Y,Y,Y,Y,Y,Y,Y,Y,Y,Y,Y,,,,,,
DS_280,M,18-23,173,80.1,Athletic,Right,Y,Y,,,,,Y,Y,Y,Y,Y,Y,Y,Y,Y,Y,Y,Y,Y,Y,Y,Y,Y,Y,Y,Y,Y,Y,Y,,,,,,
DS_281,M,24-29,182,84,Athletic,Right,Y,N,,,,,Y,Y,Y,Y,Y,Y,Y,Y,Y,Y,Y,Y,Y,Y,Y,Y,Y,Y,Y,Y,Y,Y,Y,,,,,,
DS_282,F,24-29,160,84.2,Casual,Right,Y,N,,,,,Y,Y,Y,Y,Y,Y,Y,Y,Y,Y,Y,Y,Y,Y,Y,Y,Y,Y,Y,Y,Y,Y,Y,,,,,,
DS_283,M,18-23,167,70.2,Athletic,Right,Y,N,,,,,Y,Y,Y,Y,Y,Y,Y,Y,Y,Y,Y,Y,Y,Y,Y,Y,Y,Y,Y,Y,Y,Y,Y,,,,,,
DS_284,F,18-23,155,55.4,Athletic,Left,Y,N,,,,,Y,Y,Y,Y,Y,Y,Y,Y,Y,Y,Y,Y,Y,Y,Y,Y,N,Y,Y,Y,Y,Y,Y,,,,,,
DS_285,F,18-23,171,75.2,Athletic,Right,Y,N,,,,,Y,Y,Y,Y,Y,Y,Y,Y,Y,Y,Y,Y,Y,Y,Y,Y,Y,Y,Y,Y,Y,Y,Y,,,,,,
DS_286,F,24-29,152,43.4,Athletic,Right,Y,N,,,,,Y,Y,Y,Y,Y,Y,Y,Y,Y,Y,Y,Y,Y,Y,Y,Y,Y,Y,Y,Y,Y,Y,Y,,,,,,
DS_287,F,18-23,165,58.9,Casual,Right,Y,N,8,8,N,Y,Y,Y,Y,Y,Y,Y,Y,Y,Y,Y,Y,Y,Y,Y,Y,Y,Y,Y,Y,Y,Y,Y,Y/Issue,Y,Y,Y,Y,Y,Y/Partial
DS_289,F,54-59,181,71.7,Athletic,Right,Y,N,,,N,0,Y,Y,Y,Y,Y,Y,Y,Y,Y,Y,Y,Y,Y,Y,Y,Y,Y,Y,Y,Y,Y,Y,Y/Issue,Y,N,Y,Y,Y,Y
DS_290,F,24-29,153,52.8,Athletic,Right,Y,N,,,,,Y,Y,Y,Y,Y,Y,Y,Y,Y,Y/Accelerometer Only,Y,Y,N,Y/Accelerometer Only,Y,Y,Y,Y,Y,Y,Y,Y,Y,,,,,,
DS_291,M,24-29,172,87.1,Athletic,Right,Y,Y/Partial,8,8,Y/Partial,1,Y ,Y ,Y ,Y ,Y ,Y ,Y ,Y ,Y ,Y ,Y ,Y ,Y ,Y ,Y ,Y ,Y ,Y ,Y ,Y ,Y ,Y ,Y ,Y,Y/Partial,Y,Y/Partial,Y/Partial,Y/Partial
DS_293,F,54-59,164,98.5,Athletic,Right,Y,N,,,,,Y ,Y,Y,Y,Y,Y,Y,Y,Y  ,Y,Y,Y,Y,Y,Y  ,Y,Y/Accelerometer Only,Y,Y,Y,Y,Y,Y,,,,,,
DS_294,M,66+,181,71.9,Athletic,Right,Y,N,,,,,Y/Accelerometer Only,Y,Y,Y,Y,Y,Y,Y,Y/Accelerometer Only,Y,Y,Y,Y,Y,Y/Accelerometer Only,Y,Y,Y,Y,Y,Y,Y,Y,,,,,,
DS_295,F,66+,154,75,Athletic,Left,Y,N,,,,,Y,Y,Y,Y,Y,Y,Y,Y,Y,Y,Y,Y,Y,Y,Y,Y,Y,Y,Y,Y,Y,Y,Y,,,,,,
DS_296,M,60-65,165,83.2,Casual,Right,Y,N,,,,,Y,Y,Y,Y,Y,Y,Y,Y,Y,Y,Y,Y,Y,Y,Y,Y,Y,Y,Y,Y,Y,Y,Y,,,,,,
DS_297,F,66+,156,68,Athletic,Right,Y,N,,,,,Y,Y,Y,Y,Y,Y,Y,Y,Y,Y,Y,Y,Y,Y,Y,Y,Y,Y,Y,Y,Y,Y,Y/Partial,,,,,,
DS_298,F,66+,161,64.4,Athletic,Right,Y,N,,,,,Y,Y,Y,Y,Y,Y,Y,Y,Y,Y,Y,Y,Y,Y,Y,Y,Y,Y,Y,Y,Y,Y,Y/Issue,,,,,,
DS_299,M,66+,179,81.4,Athletic,Left,Y,N,,,,,Y,Y,Y,Y,Y,Y,Y,Y,Y,Y,Y,Y,Y,Y,Y,Y,Y,Y,Y,Y,Y,Y,Y/Issue,,,,,,
DS_301,M,60-65,174,71.1,Athletic,Right,Y,N,8,8,N,2,Y,Y,Y,Y,Y,Y,Y,Y,Y,Y,Y,Y,Y,Y,Y,Y,Y,Y,Y,Y,Y,Y,Y,Y/Partial,Y,N,Y/Partial,Y,Y
DS_302,F,24-29,155,58.06,Athletic,Left,Y,N,8,8,Y,0,Y,Y,Y,Y,Y,Y,Y,Y,Y,Y,Y,Y,Y,Y,Y,Y,Y,Y,Y,Y,Y,Y,Y/Issue,Y/Partial,Y,Y/Partial,Y,Y,Y
DS_303,M,54-59,175,81.7,Casual,Right,Y,N,,,,,Y,Y,Y,Y,Y,Y,Y,Y,Y,Y,Y,Y,Y,Y,Y,Y,Y,Y,Y,Y,Y,Y,Y/Issue,,,,,,
DS_304,M,54-59,176,80.6,Athletic,Right,Y,Y,,,,,Y,Y,Y,Y,Y,Y,Y,Y,Y,Y,Y,Y,Y,Y,Y,Y,Y,Y,Y,Y,Y,Y,Y/Issue,,,,,,
DS_305,F,66+,165,64.1,Athletic,Right,Y,N,,,,,Y,Y,Y,Y,Y,Y,Y,Y,Y,Y,Y,Y,Y,Y,Y,Y,Y,Y,Y,Y,Y,Y,Y/Issue,,,,,,
,,,,,,,252,24,,,,,,,,,,,,,,,,,,,,,,,,,,,,,,,,,
